Petal_Size,Sepal_Width,Stem_Length,Leaf_Width,Flower_Type
2.5916732463965184,1.9974896621759235,1.9271623903595372,2.6571261901396115,Rose
2.249706090387833,2.4946601364011878,1.6802327534578214,1.2895613293941701,Rose
1.6946029744929056,2.6419790023094447,2.114599455177894,2.0540472777085816,Rose
2.0103264386625943,1.7279662530046638,1.3364829384663905,2.144992955606705,Rose
2.361627758853943,0.9490701934182086,2.7585346345708808,0.742796931976692,Rose
1.7924786342531864,2.6861631912299497,2.118419641008046,1.052163892561385,Rose
1.3689165783880217,2.5466408856872005,1.3846375361657919,2.329702628710102,Rose
1.3644094871335664,1.5024000168076803,1.2827432102795735,2.199266205907521,Rose
1.690597709281446,1.8757440398117162,3.0813912901314655,2.3916997924264596,Rose
1.1961278390366774,2.0516168899237024,2.342667990534568,2.585248867416556,Rose
3.144004775903615,1.5689422752873725,2.0030549504074764,2.0984246751237325,Rose
1.4236096324384775,1.859437885649149,1.692124713982461,1.944160782541267,Rose
1.0297828266992202,1.8891950049882618,1.5670182387890288,2.317300807299363,Rose
1.7268457211022932,3.307820866849328,2.819607557974569,1.2993217571726927,Rose
2.37158491683669,1.678262488003501,1.7636086379927696,1.3896805876500906,Rose
2.8913672407114985,2.6611131248541375,1.2473993466086806,1.3149823384243873,Rose
1.6935892192260997,3.3061073743467047,2.7556993987366054,2.156593141779444,Rose
1.5478114578721183,1.986674988422098,1.2852865571593408,0.8923777343456187,Rose
2.8378045983953433,2.4329802924130064,2.055850442464367,1.9975247214427492,Rose
2.176799727423223,2.546024152820399,1.823205799220481,0.754954896668844,Rose
2.224720026229181,2.234139045372628,1.653619323925024,2.131584902362494,Rose
2.4985021095530575,2.1062632492005338,2.738705923256372,1.3225795886841052,Rose
2.3056589714210762,1.5908952129833513,2.073176666870955,1.297569374466982,Rose
1.8256132685400965,2.242719346473758,2.226742824605062,1.2385819308696018,Rose
2.151760776545327,2.145739645804966,1.9655818635241975,1.2162837166261147,Rose
1.6274353177438252,2.634074758376352,1.7554630057932918,2.362221310059976,Rose
1.8783795184343635,2.0445311367325614,2.4464420636796365,1.4685973811648512,Rose
2.633533946032159,1.792225012543543,2.2913163651625172,1.8689219927583784,Rose
1.8692130119389634,1.566796031332832,1.7604496533002567,1.70666405249444,Rose
1.6665532026078376,1.9929517097980498,1.549305121153889,2.3875230326575223,Rose
2.4764039468974923,2.718652115495397,2.314531757421958,2.565290667500303,Rose
2.8528595454656207,2.7801734016806408,1.4046751339703594,1.986259703259843,Rose
2.790872079382611,1.931323312201866,1.9786344840585237,1.8539838736674914,Rose
1.718098263235757,2.6330608884279108,1.4675799159768625,1.8033764625004387,Rose
2.485588546985054,1.9164345668746259,2.6301216633314515,2.347102108990442,Rose
2.0869006163113264,2.30468372800805,1.6736975256796376,1.326912505304815,Rose
2.3129522420453714,2.249721814712338,3.032541121724879,2.629571723072209,Rose
1.7994242308165176,1.7102331736820966,2.2143812934844727,2.36473455316524,Rose
1.9645125005950617,1.9206415309881202,1.9610642446405833,2.4240853036162546,Rose
2.1522171207735163,2.3422590582584895,1.7345730470967908,2.419226818282915,Rose
1.5480411476423799,1.9652035774040186,2.525986217553098,1.8427924795983897,Rose
1.9334778467543643,1.81082378483419,2.0135687531718665,1.7785894909506688,Rose
2.374343308050625,1.9836409255020615,1.8440323578727151,2.063747611618318,Rose
2.747113125149295,2.2115835797042935,3.0867783228540677,2.605451752965786,Rose
1.6763631777813643,1.0799410238508238,1.8495124725069887,2.5860112121313206,Rose
1.3928038369426265,1.9423053713274034,2.1147224818280055,1.2182465707214485,Rose
2.298055982020472,1.439669745612247,1.8440499573095646,2.2239890687891575,Rose
2.433832208092869,1.598804817181953,1.0109613912652957,2.064583506271504,Rose
1.5294163100902236,2.6290798494761733,1.8357542482280722,1.8837588022069913,Rose
1.814508571550852,1.7899330476636626,2.1011188878561873,1.5132415471006162,Rose
2.2699744329242493,1.6314159427995016,1.513703866023347,2.576894795541434,Rose
2.8460815087374387,1.0150193528154472,2.7112078164961226,2.2405278538313604,Rose
1.4541161173292574,2.2346714765166724,1.6415307891781739,1.683885037532789,Rose
2.178259589443898,1.1499260757407783,0.8525885103069353,1.4283806336222407,Rose
1.6899991409173525,2.5157274226293707,2.0719569167548393,1.7842434889520558,Rose
1.9677705753470411,1.6497920572982085,2.5950728643172596,2.610947386943,Rose
2.746093386548326,1.7313876995996775,2.3329973787154175,1.5770623417948149,Rose
2.454901161455745,1.7688888152328601,1.54243865169474,1.862014338805872,Rose
2.2429291536486655,1.8512385653508763,2.66136037548327,2.0218255249141595,Rose
1.3203561252787885,2.2422189577321694,2.630026019621897,1.7347353763083273,Rose
2.1395383242941053,1.8008370407605792,2.5985449334266715,1.153826187093248,Rose
2.4064636195020124,2.2800943932524147,1.424423375603625,1.6070862353288735,Rose
1.9942801078705594,2.328047889590139,2.5253450004810114,2.22658991074163,Rose
1.9118761589795399,1.4640783308364358,2.361690613317854,1.6229202545408405,Rose
1.8055785119912744,1.9509009705836833,1.9238231793548424,2.69910350741147,Rose
1.2402567879616955,1.6090666345493656,1.8044692606816117,1.6288242746434967,Rose
1.620385693384351,1.4294684775163606,2.264668423674736,2.1886527658302266,Rose
1.4064631017752838,2.839880860559262,1.4797598133425267,2.089009509042887,Rose
1.8760604097845717,2.41073546929977,2.6420360084728074,3.104299810251055,Rose
2.6780454404576544,1.7025557985813915,1.3901944418095926,1.7650755184203213,Rose
2.806466314684961,2.3711892556054863,1.7671423528983194,2.2478837479825233,Rose
2.338676986994976,2.545822037918245,2.784604917737263,2.0763880587104127,Rose
1.4383949039615829,2.1722629186619953,1.8058949587553002,1.315593572561348,Rose
1.3547755517673203,1.984134464292113,2.2381797839759776,1.5783779209155167,Rose
2.534489513949744,1.4572497164519078,2.430530542078384,1.6370341522845404,Rose
2.073601244525026,2.4336082571899795,2.8755272570725063,2.296937142194244,Rose
2.4852336512629547,2.0812697440349517,2.67822609765268,3.0062437865037257,Rose
2.876432174021988,2.0406303247102136,2.330124504158328,1.7450170430040661,Rose
1.8106974764464552,2.076216941213778,2.417834113370743,2.1261215535107425,Rose
1.8018141027647139,2.3794684570314097,1.6583395697923546,1.9902215327971247,Rose
1.636999065979126,1.4236283197600537,1.1458597549600391,2.2347040288442335,Rose
2.6058827577496606,2.118207348636732,1.327387020497952,1.7601504861848256,Rose
1.8049615087301354,1.6808429176476891,1.707628417661943,1.2244985888288522,Rose
1.5314581119254702,1.665657981589431,1.6297345072025986,1.4574316876081452,Rose
1.3984922147740049,2.555928033414963,2.1551218904338265,2.356397588907564,Rose
1.7088973241576317,2.1501190264026224,1.4145439629474152,1.7967819677150374,Rose
1.746554815753956,3.279997729370965,0.9473436550196761,1.124986233365887,Rose
2.081916892607868,2.7715454091882106,2.07916365633641,1.5416338394794975,Rose
1.7629697449238377,1.8219116404647553,2.675912685531199,2.5928099925600714,Rose
1.9935503936101013,0.8045486396936228,1.8120230612254862,2.5362146542102875,Rose
2.4877532359276877,1.2225745183643233,2.1304187642047614,1.2208146810781255,Rose
2.855980996261956,1.4465705340682153,2.2536649046600656,2.114704439550626,Rose
2.797065143999742,1.6969456527583826,1.581961546764107,2.135069059997699,Rose
1.2801760025428037,2.1640335387534186,0.9716223265068893,1.8395758313080077,Rose
2.4395874660196455,2.2648437261666428,1.1036798318793093,1.9142310681119825,Rose
2.3140856960785245,1.9110866598376426,2.7782189502134242,1.4027125953895747,Rose
1.8203906912418457,2.210368418552444,2.3112255498577023,1.7305742591647368,Rose
0.8470524650096771,2.530088057448863,2.396087203623858,2.8170729403663297,Rose
2.5191565819891304,1.3431274553700965,1.4401110734677363,1.6303414477824556,Rose
2.272723402183224,1.709753736196011,2.2406312451847623,2.152008538150018,Rose
3.233353019537375,2.7885624198917958,2.662747918087221,3.235494975359956,Tulip
2.0838172727769826,3.7430531430226033,3.03495942224392,3.0016074071979415,Tulip
2.8995845116422023,2.741264506360811,3.05537491179237,3.2156614054375514,Tulip
2.7991596939477774,2.240969780810488,2.922980445155621,3.2408707386886335,Tulip
2.605891968518881,2.9751272050266255,2.061575250494796,2.2993520128191185,Tulip
2.671214904912333,3.1638689046079156,2.4616382254644757,2.386186837849454,Tulip
2.612198924313178,2.25252677824212,4.182480624316591,3.8984422120969344,Tulip
3.3734779972471243,2.7050144214010228,2.7301801847108935,2.839888038324254,Tulip
2.4824848749749706,2.9195876220695824,2.179711392602289,2.2924031196188577,Tulip
2.4875958205712227,2.5702619073455626,1.9481333554139764,2.9785652219154604,Tulip
4.067057995061793,3.3225284875173915,4.091072257671434,4.0356740718224655,Tulip
2.8866487177575126,3.0121284161181348,2.683301304282411,2.5118676483136007,Tulip
2.4075455573366846,3.148324546666961,2.642383272759342,3.4214980365458905,Tulip
3.313316237106369,2.2927308132413735,2.6131544438286665,1.9872588475973632,Tulip
3.91604741259076,3.3492597376952515,2.2064511038293433,3.293859597018545,Tulip
2.872563668039081,4.220553417373236,2.7936671283719523,3.1580397992547655,Tulip
3.4778171920008356,2.694239002851965,4.0545694950632996,2.70745244337937,Tulip
3.3179041181540407,3.1956943287594908,2.477392325913448,3.192166943107091,Tulip
3.3274904437641912,2.8416236443676146,3.0729700523174843,3.4431447602963265,Tulip
3.342900299341469,3.0743650985812128,2.9938358541235344,4.069515948001159,Tulip
3.429706317726163,3.3700388655597036,3.3973692308413908,3.695866660534975,Tulip
3.0388304786749076,2.6331351916237016,2.562517900966377,3.050387601520995,Tulip
3.613008536821193,3.1396622940212944,3.3292657117168822,2.5521893848953052,Tulip
2.8211819428937153,3.5569150368610645,3.305058842629007,2.8840080094960703,Tulip
2.4134525240549225,3.580795914549528,2.3714985856941526,2.5726687640356922,Tulip
2.3198450653456937,3.418065127903108,3.328096200187609,2.3077423055259585,Tulip
3.282685983868646,2.1236867070086762,3.467768175434742,2.6422435667253126,Tulip
3.4412106269946157,3.938481806380208,3.100324029359064,4.250542114663933,Tulip
2.6246787293022495,3.749253191362643,2.9024893929224707,3.2085656213924283,Tulip
3.702877990953137,2.945120327187033,2.283186228127521,2.633946822731832,Tulip
2.4125144548648922,3.826064085012323,3.1510089026763426,2.696281063435478,Tulip
3.8616212703007387,2.766497094106474,3.21703559918158,3.1294583488906174,Tulip
2.663243361298995,3.591842001712333,2.825174256935441,3.2100510077890014,Tulip
3.109513920037894,2.9784583964633056,3.209596207948918,2.8515751357087953,Tulip
3.281478396591776,2.877941055052214,3.3048060080874415,3.1030499744300455,Tulip
3.6608694668381636,3.14757920878951,3.2977561229554024,4.110244929098445,Tulip
2.4761868843585404,3.1239535228838458,4.308348752179709,2.1451485663601897,Tulip
3.0305762216807124,3.2654113597433243,2.850130562479108,3.101138655384647,Tulip
3.709423300993768,1.954101130691461,2.9162472924155183,3.1531623375130007,Tulip
3.100314579021516,3.1582956717042463,3.69869880099037,3.724278202683338,Tulip
3.1863229581277097,2.6246842700675157,3.6336532378162687,2.7023299545573454,Tulip
3.9122253990363562,2.8515843089363195,2.7092039381837183,3.7552710735538395,Tulip
3.1640479941562143,3.090038747655183,3.0720540118238353,2.961752211561204,Tulip
3.379079998783296,3.4268446936036754,3.3478863526835694,3.560501462355989,Tulip
2.4581433485776927,2.408164756551502,2.370375410852116,3.4257454964847946,Tulip
3.22720850138111,2.3631929055875016,2.3845279120820027,2.5884463759201175,Tulip
3.0979934007147674,3.1528335464758745,2.5197975255997043,2.5410174866895243,Tulip
2.8712546206677385,3.234443237583073,2.9319470913789636,2.4555541642856005,Tulip
3.09718796213063,2.3303955242217294,3.732704957317741,3.5079036441466727,Tulip
2.922998785572,2.9392171946196135,2.6202383123401605,2.5890067654426216,Tulip
2.3048014033589093,2.6254795884737976,2.833525684150444,2.8492259194193066,Tulip
3.0754743438451095,3.782696469017168,2.538109486660184,2.8688869845190608,Tulip
2.739201778601338,4.16277907844669,3.0113776425059626,3.1566202200434303,Tulip
2.5208164429807454,3.8619856049798114,3.099017778267898,3.065263677949709,Tulip
2.7957959007847233,4.239176688852737,2.3381602228253784,3.1270734711842314,Tulip
2.6415556400715845,2.46027705475474,2.9466017677870364,3.218243698306519,Tulip
2.008257020219392,3.263031723936181,2.380281730041774,2.619529472971502,Tulip
3.3872177460510935,2.9882324713992996,3.3093416290466635,3.3368675181090466,Tulip
3.1577656650204684,3.1733238115719877,3.2542902076518665,3.428599351779084,Tulip
2.8497492485681435,3.432560615950044,2.9097117027856747,3.4911827258906913,Tulip
2.8054416680702325,4.292673314389001,2.6806811779812065,2.3418209687021028,Tulip
2.876080878315793,3.7611434339339174,2.909285076092158,2.8224264936504966,Tulip
2.6518889156764476,2.835216218030849,3.6247279804338413,2.8694866704891036,Tulip
3.444760897107108,2.477063526770677,2.829654964388814,2.946531826406036,Tulip
2.7606275496006583,2.8577081564616345,2.1601449622934386,4.0101085016780305,Tulip
3.358512130735893,3.529188033613484,3.0679966558550156,2.1903379374853222,Tulip
2.7900428133937587,1.9927854322207186,4.13276815006259,2.611616471900951,Tulip
4.159498887033603,2.784167227143488,3.002508117720389,2.555685814186069,Tulip
2.3048191222107284,2.6943196123270514,2.9008722223169094,3.1837379275063427,Tulip
2.172052970913477,2.400481536240171,3.2592460250971107,2.5151031299136335,Tulip
2.7223552593865437,3.05799604675226,3.0641902011432074,2.7933881671693777,Tulip
3.539044454318838,3.5644702845605782,3.138781537437792,2.996527964775921,Tulip
1.8460676381129546,2.93453262637165,1.8237848711825015,2.7741899626099737,Tulip
3.229057076256712,3.828820937476687,3.322831702554534,3.050488844671267,Tulip
2.959106551926419,2.7293256210213093,2.846353656409683,3.258160833240718,Tulip
3.2280753441774777,2.680858103805463,2.756388258648536,2.278905283365183,Tulip
2.6421590325493884,2.8613644811717114,3.353378552334351,3.4432675241300923,Tulip
3.238783733869762,3.23871566905464,3.25317516460116,3.598201868449307,Tulip
3.2741207514110107,2.231044120880074,2.7951669792619382,3.625281690396366,Tulip
2.7574527935895485,2.7229173769414072,2.6265343155633416,3.0742587404546224,Tulip
3.68458793250394,3.230884648612456,3.391669271312302,3.276661991859797,Tulip
2.0089056579591142,2.8325602134360244,3.709470368139327,2.9486352007056986,Tulip
2.5689292423781613,2.6587640686492016,3.134991018572001,2.8258858937834153,Tulip
3.502082557456813,2.103918566053383,3.211786032445484,3.2805316759876653,Tulip
3.2352124100192854,4.159741712789604,3.1904532957438385,3.302781895193612,Tulip
3.022360500394403,3.7539312654011407,3.0623763884624746,3.5374072339366047,Tulip
2.8078296959431146,2.5961317285065677,2.1197250711432307,3.0391969356561943,Tulip
3.2399148009182266,2.934072277902465,2.833140436291498,2.884070924833793,Tulip
3.6636459891034843,2.191217227320536,3.167719491155209,2.9281400407728064,Tulip
2.5300367231587124,3.2775762836721234,2.471682301080346,3.604766009386063,Tulip
3.084808721774054,4.01282414785865,3.314811433998766,2.958661776070649,Tulip
3.2054817636666333,2.936587418947445,2.3226018509212123,3.4810980894387207,Tulip
3.103781362794941,2.7107304383105877,2.7934882677036,3.5347344798940603,Tulip
2.9285016195529163,2.8053356212047262,3.1422874106008716,2.9221941200105,Tulip
2.467881945525912,2.1245501104054707,2.870385138841756,2.7048963824447547,Tulip
3.0932044190239942,2.7009584445774206,2.475256532717889,2.3774237416439212,Tulip
3.016622364230932,3.6072350050269035,2.987167911168367,3.6528176355586166,Tulip
2.51276164892708,2.2922707742640984,3.9474121947076686,3.3251121040736966,Tulip
2.5623682774984453,3.6786410815057673,3.8236667970967275,2.525982600171089,Tulip
2.8523731596741437,3.574703132639738,3.635475082136698,3.0304621113281773,Tulip
4.9181097488473995,4.199955081992752,4.501213450167425,4.455349476181886,Sunflower
3.099315352386251,3.538139503539113,4.3520724313398205,4.237969319110576,Sunflower
4.126742054790806,3.5476687191014658,3.626026958942619,4.675260436638753,Sunflower
4.1969969879582525,4.169888090976779,3.694904258773825,3.9068655024014096,Sunflower
3.773233046972049,3.8735660066570556,4.63209877124806,4.203733006220639,Sunflower
4.463542292837085,4.497426177567973,3.380278450158875,3.5419911166678286,Sunflower
3.8917992269237263,3.82854791507842,3.201036268556509,3.3427666413300416,Sunflower
3.6544808575087373,4.217384735494313,4.269895556068914,3.050321288436551,Sunflower
4.236426036033509,3.512411800709109,4.521146977684918,3.48081972900646,Sunflower
4.622015178456264,2.9585661962156204,4.8271358798936435,3.701700689610882,Sunflower
4.35899245017586,3.9109440790688406,4.420819073134229,3.546255137756208,Sunflower
3.135009289517836,4.193718175527005,4.222966249930309,3.6115634981264364,Sunflower
3.5804596242472972,3.5559066740429865,4.448848996764987,4.420316925976912,Sunflower
4.687311928339417,3.5666663393190734,3.9050332947795976,3.375448539625113,Sunflower
3.84599759490744,3.217707965973207,4.2177877995808615,4.020882688466144,Sunflower
3.90511441920651,3.849473325890017,3.96089551058834,3.726702232216342,Sunflower
4.3587561002027275,3.5909541360052657,4.027542269662967,3.801875311415828,Sunflower
3.9596916749862894,4.330742963636403,4.505916302981591,3.0970653967042336,Sunflower
3.587975583308212,3.4137937740340134,3.7082565577754885,3.820374707179064,Sunflower
4.746543675168514,4.352152453039809,3.451502550214448,4.14525618209371,Sunflower
4.068365725443074,3.4615569917131626,3.592742156452853,4.087655868430585,Sunflower
4.119312560732837,3.527325742925573,3.7207096323519675,4.941513113828133,Sunflower
3.2681521233992914,4.061866804561377,4.819359107689041,3.8397114496229063,Sunflower
4.250296128107745,4.558552790825719,5.076953149410008,5.320129128731718,Sunflower
4.473314126879601,4.7985932598410725,4.254175585904666,3.2397775673622067,Sunflower
3.9682866408864403,3.8586553478492394,3.687030665148173,3.872482234007085,Sunflower
4.412076545349951,3.7540496005994357,3.267340731719149,3.145012992894162,Sunflower
3.801880630745035,4.118370738332903,3.679014029354668,4.015347835495678,Sunflower
3.7984337874263407,4.485229409739238,3.7567310144547443,3.44705129072638,Sunflower
3.6978595157519076,3.7699474943547266,3.2541473216064882,3.370573463467849,Sunflower
4.60740739661436,3.9757885511872666,4.350298245468996,3.8183807032425507,Sunflower
4.225004822762731,3.6393314272014314,4.5551893051947685,4.596441587927182,Sunflower
3.769213083793031,4.239427002274455,4.253221839480382,4.564702000637233,Sunflower
4.1388067652281775,4.2571425363513935,3.1601474544075514,3.8453056058752013,Sunflower
4.594921213175919,3.360480518385804,3.862202625053878,4.111367405196298,Sunflower
5.045657912943823,4.037697031232516,3.887406933430507,3.443484375922699,Sunflower
5.318574959800138,3.2114079470673023,4.530923168689953,3.9041550990160894,Sunflower
4.171966646032692,4.481452791192728,4.143020190534471,3.438218712759514,Sunflower
3.4417633463887647,4.418279991099951,4.954744603416991,3.638851333302765,Sunflower
2.9017482577514646,3.4356704864771457,4.309394278463289,3.4983189826608836,Sunflower
3.580273002283692,3.918519197420245,4.566947713446488,3.981461328300915,Sunflower
3.6543601049828265,4.197557741345097,3.4570467220332493,3.3782886654761692,Sunflower
3.3533943310069225,3.8165356505554127,3.9600832273009936,3.629021656487697,Sunflower
3.0080428703867175,3.7093623110036638,3.373576276655895,3.995633892144748,Sunflower
3.5604210530465656,3.82598595558719,4.575750800108719,4.124985780779526,Sunflower
4.39350073540401,4.043041889364243,5.187757878799776,4.108020525671703,Sunflower
4.390131043727071,4.051562118102422,4.1487599716750045,3.7085605589221706,Sunflower
4.044758946371673,4.129754365411275,4.189300448085497,4.9181368341958205,Sunflower
4.046481712800862,3.3481443157286583,4.38679542676333,4.127911543265866,Sunflower
2.6132510693366244,3.5822426920961767,5.415761057880504,4.032322598409596,Sunflower
3.723842925094962,4.457367272079499,4.529751090215891,3.8381422399832994,Sunflower
4.232983128130486,4.511945596512774,3.756183285074851,4.833292235621419,Sunflower
4.717006133493415,4.0380324311454485,4.261502987756531,3.890134237701351,Sunflower
4.624585158896276,4.285037905414653,4.2040041632299685,4.043981278196604,Sunflower
3.1687648123345586,4.026544368668761,4.936778672324271,3.214028674213653,Sunflower
3.959049219556007,3.973361119749928,2.693331086872578,4.14073804914776,Sunflower
3.9208501684344226,4.562693928442425,4.596950889851056,3.675129697042065,Sunflower
3.357282630004126,4.945080948979819,3.80771701665062,4.309988734062735,Sunflower
3.5012328986332824,3.6711638455025617,4.088668273835313,4.1147862183391855,Sunflower
4.744890755508596,4.07686172932695,3.118755438285737,3.608923807593683,Sunflower
3.886861877814716,3.834767935669113,4.020723378724606,4.020760150789881,Sunflower
4.563157538902801,4.2497392217468235,4.30437524596071,3.704402006312423,Sunflower
3.496762088392061,4.358381170034896,3.6184273247753307,5.118634589802188,Sunflower
3.0758166246326475,3.7217365452861015,4.247962846616611,3.131495799943784,Sunflower
4.04517255341116,3.698326052985193,3.7818547390235016,3.8266912906780095,Sunflower
3.581403677482674,4.300776108628821,4.308879405053178,4.786023240772885,Sunflower
4.303162347650887,3.7767081920976358,4.625492291706921,3.276870289049225,Sunflower
4.279340841436539,3.156619490259591,3.8493091798152523,3.695057080057983,Sunflower
3.956108068215506,3.2857969638148825,3.5523528510842475,4.850641769356527,Sunflower
3.981272895602208,3.7489264364859993,3.476512057165367,3.215202809938411,Sunflower
3.3831077934349816,3.8508808509634505,4.858020397136858,3.501555835915489,Sunflower
4.453406500838228,4.4110076774326625,3.456459936928124,4.086249071784175,Sunflower
3.6993600496583934,4.763529932523922,4.297615223656316,3.102863820319282,Sunflower
3.701537609815038,3.9005145741616034,3.5213379509650404,4.371557206201815,Sunflower
3.9252573024054587,3.574063500412308,3.14708243747058,4.369423279077151,Sunflower
3.8750857570418704,3.78629244495765,3.690946138942765,4.652012396028454,Sunflower
3.619985432863035,4.590648810137972,3.619675435227631,3.859906363238372,Sunflower
3.780754543098596,4.280102717736331,4.054830750457446,4.027056287724558,Sunflower
4.108996665736524,4.938843115953316,4.361322943958427,4.879141622499053,Sunflower
3.5745505894810323,3.4870772274661537,4.040285867904914,3.920205935782002,Sunflower
4.109938331297656,3.876419460695226,4.168000348194187,4.282179786489109,Sunflower
3.15589089300337,3.9682843630861666,3.907576968442799,3.8795073837741207,Sunflower
4.381636364045619,3.6601429101063854,4.3197383119742865,4.162650481437953,Sunflower
3.8302229259057476,3.9624969875607907,2.724365607060382,4.3849216626709415,Sunflower
3.6564215666172823,3.4243843077491167,3.3527088223520725,4.451076774955222,Sunflower
4.665908275426062,3.543973993430274,3.8130037465379125,3.383408060122392,Sunflower
4.325529268228467,3.8914587094539477,3.6565490517242503,3.408108804874284,Sunflower
3.93906315176099,3.4353863949685612,3.0210809090348185,4.055807713639761,Sunflower
4.820977553589205,3.7675068112852435,4.023091623872106,4.9602307751489105,Sunflower
4.523951450948861,4.163137728790238,3.840375917876844,4.212125908535114,Sunflower
3.477438233250253,3.9612132041979313,3.7269707538164973,3.475696710390608,Sunflower
5.164641356192928,3.857854060886032,3.2415662810426396,3.463396528541923,Sunflower
3.437702333305743,3.7091704099048717,4.339875043756513,4.172147750199148,Sunflower
4.587124919744758,3.4383584658743533,3.736644565986615,3.784556658249518,Sunflower
3.4534431991295547,3.599647006073414,4.141927040868222,3.238759921661356,Sunflower
5.2981068623914425,4.053697121302401,4.643519970468129,4.201316711103975,Sunflower
3.3950301385865527,3.7359144722084174,4.095388580691617,3.683381711996992,Sunflower
4.4944543575109055,4.136734581397876,3.802597244694985,4.846840019679142,Sunflower
3.875591474743207,4.186885664999547,3.947162387244947,3.374446169387342,Sunflower
3.6451265550499206,4.18322894641435,4.1277731425639494,3.3303504729588354,Sunflower
5.485489007735748,4.923466983097342,4.649455694062016,3.4204272987604982,Lily
5.177169715341764,5.90818984626783,5.3496233044623756,4.859024957228148,Lily
4.841678545832111,5.27596789961547,4.485877612312002,4.673570709133455,Lily
4.319034323560398,6.286869307041028,5.650240260654414,4.792279486552693,Lily
4.930321300908247,5.761671103629849,6.116749162001463,4.81208928256589,Lily
4.967009165641348,5.607044308000875,5.703110872154551,4.300617521487222,Lily
5.296854588654352,5.231454980038727,5.088999763069153,5.0486480714126944,Lily
5.300874639094534,5.165956622617836,5.789789392188826,4.859852082070085,Lily
3.93844210147082,5.25060166966212,4.960371640477117,4.451362375437884,Lily
5.871466422894052,4.963930802975857,4.6514451871591564,4.959674950729986,Lily
4.4612051022326575,4.429767687146243,5.624251477121284,5.10599192456187,Lily
4.500899056505713,5.00524920048716,4.9308255225239925,5.095978058019416,Lily
6.158962249682916,4.55722821237244,4.406061337928356,5.464504163403907,Lily
5.373716414688845,5.341118500933146,4.8425317055918935,5.632697224274204,Lily
5.802145295498402,5.615962009673229,5.909592417387549,6.696727726680293,Lily
4.863057167611221,4.772436671158092,4.634083685434241,5.274277113234343,Lily
4.711158471578716,4.810423859497819,5.179407764249588,4.089152295806223,Lily
5.188195283276124,5.04888353273282,3.3482588342103905,4.966564214738849,Lily
5.037871962825977,5.264173278500301,5.2994523475336495,6.08524812473359,Lily
4.663878590787938,4.881645674442215,4.7678156894861194,4.8482524506397,Lily
4.258034130300095,4.851058298145304,4.556855689238608,4.776587067288499,Lily
5.906281594908083,5.182300457540993,5.071854174426782,3.8766255449396994,Lily
5.613341503224461,4.729143260639265,5.1657815010631385,4.5428940751769655,Lily
4.100813963139507,4.889650040886996,4.953126141250314,4.647693669911161,Lily
4.330933482497541,4.69385559969052,5.709850976330784,4.890070339063734,Lily
4.709718084542948,6.09315843200422,5.118610010088902,4.396685120650183,Lily
4.003326130288036,4.9634070715838465,5.2852747032783585,5.215038666731903,Lily
5.388292467694973,4.83455806481798,4.946583822485651,4.462143453173523,Lily
4.796386499733405,5.274392179188154,4.446232799728861,4.992605186105442,Lily
4.602555369986006,5.668801307276087,5.292190084122616,5.0326610587784755,Lily
5.690639180616467,5.090240397952863,4.969114223300943,5.773768183837791,Lily
5.114924216602988,4.479543950075103,5.141755313286666,4.248161467752852,Lily
4.6005043692775605,4.640178191322171,4.453976627912726,5.204009550625661,Lily
5.138131608669291,4.985630132988952,4.543871695131843,4.439991365383237,Lily
4.434358097669861,5.316022210745237,5.22772520042301,5.208148044718783,Lily
5.405016854526975,5.465914750118092,5.0508758770575515,4.546248265725096,Lily
4.9054741324601245,5.411444340570798,6.19584888224631,5.273655743052475,Lily
4.8894708646465475,5.374901260186596,4.592230750292607,4.535331854712169,Lily
4.722218649501723,5.0822168636402925,5.37461634179407,4.497998630867453,Lily
4.870167940025809,5.2103743135899645,5.003723306360859,5.0992651540416905,Lily
6.158126380369823,4.91337849881224,5.632138334995748,6.192222982828264,Lily
5.429755033909826,5.067990272770863,6.256024235518315,5.397160251884422,Lily
4.639879651255621,5.2729233266818385,4.182434271272424,5.57572099446725,Lily
5.977685569172419,4.647196851874994,4.640132203127236,4.473102827026877,Lily
5.330704381223434,4.834620213489169,5.440403466380192,5.018506003843268,Lily
5.430836473191877,4.63346198942015,5.194186254889004,4.882040728183541,Lily
4.56850896662307,5.126062251868862,5.713325120484295,5.657404124219205,Lily
4.501595199200787,5.930674007477954,4.681136294282133,5.339488258962912,Lily
5.217276030343483,5.200949496537352,4.2743009068922175,4.982976132285304,Lily
4.857315722275691,4.94205664323395,5.055869889160419,4.506422806027555,Lily
4.546233284794849,5.34771813771353,5.246362915948505,4.463865650883804,Lily
4.291802793633881,5.354733896636778,5.324966727794111,6.080883437046415,Lily
4.755924555442682,6.962632859862206,5.482995298065893,5.247313114556935,Lily
4.917151437837052,4.920284169804475,5.433317571639721,4.148966360026965,Lily
4.509424912714445,4.655105406077279,5.755178353699515,4.101912541061432,Lily
5.702335501977587,5.030911284688505,4.261567694567247,5.361008660583854,Lily
5.538132270175184,6.361688102682077,4.862339057290333,5.151927662996577,Lily
5.687902641111734,4.345976343312132,4.371028235495207,5.464216279713954,Lily
6.032004492128576,4.945500090307049,5.549192460496666,5.2027682815989245,Lily
4.231607302830753,4.084359956405027,5.873819708061168,4.634515682975135,Lily
5.195693481648739,4.725830522681036,5.34535580449719,5.197443788223427,Lily
4.6487292982247,5.253391756985382,5.224375046775481,4.475396167657722,Lily
4.150245166996338,5.217427986915596,4.5701675644021815,4.364393590342226,Lily
4.924952134268731,5.102374769814046,5.001764691381828,4.834437086140844,Lily
4.075338832763733,4.922929737937867,4.871456397488752,5.267120212362568,Lily
5.074366733831591,5.037027122379249,4.854779004262887,4.67374638706642,Lily
4.477095115577694,5.291833498345041,5.44503316582838,4.604774169944262,Lily
5.827390850015105,5.104338008044355,6.083301056749396,5.172755259122407,Lily
5.482685002469252,4.451372727484806,5.020944073640327,4.882981063743982,Lily
4.663836116812453,4.578566601234116,4.516345960326217,4.413933448935851,Lily
4.914926361697602,5.434995056260571,5.331291891282539,4.721676670633986,Lily
4.913477233324279,4.588512137670494,4.819896443568794,4.801961883233225,Lily
4.9785145586433135,4.865714609065253,4.811590946988546,4.660171313978145,Lily
4.873654567179101,4.910705717802295,5.607493791776935,4.368851882588659,Lily
4.887322097837233,5.328274315048532,4.020049781715379,5.302578477906172,Lily
5.109946022108348,4.927509255060055,4.59303303315443,5.510582654209341,Lily
4.859712370862465,4.6562554842559205,4.002019009817347,4.9493924855042035,Lily
4.975974134036958,4.871492973337061,5.3492244230828,4.739335517892472,Lily
5.030985957679566,4.334230971384427,5.2903527141268905,4.461403996980751,Lily
5.4265366997721705,5.558080104542141,5.068193555898921,4.7217699404699385,Lily
5.474742225736693,4.152612933443137,5.840018691508566,5.415144665797594,Lily
6.0532724033429455,4.1401522305154055,4.726593107630978,5.278878158182281,Lily
4.437661390351363,5.601132908860322,5.3407308209599,5.729829062190284,Lily
4.820914554382455,4.6511595431092925,5.92068556706092,5.104912745035345,Lily
4.973540455368308,5.166810667211037,4.749623161616179,4.072143371474713,Lily
4.547523539967905,4.747833826165458,4.35702150725851,4.770270366227353,Lily
5.31103035564869,5.233815342560636,5.385891446016033,5.702462696366132,Lily
5.063400636458,4.461909868772669,4.131871082547539,5.6257296867147355,Lily
4.364071992725848,4.5111357547374595,4.782625341237399,5.420213571270852,Lily
3.8448464861444185,5.374416728499868,5.471590528937794,5.482992406115096,Lily
4.011713223291894,4.50048352426593,5.0021978331354795,4.434557682920661,Lily
5.340000368874225,5.322087205324472,5.291898497234629,4.629888230991119,Lily
5.091741394729107,5.218524819726194,4.911227378068029,4.7668067570291655,Lily
4.894096409855286,5.637757481968013,6.1530767644290805,5.2487816751270095,Lily
5.234882659410055,4.5016244387815325,5.757118551584326,5.583208815669818,Lily
4.530035998633684,5.017818320977966,5.102836986319243,4.494611911698539,Lily
5.535742977413975,4.215931620910547,4.903112576107536,5.430718023396254,Lily
5.0144104921471655,4.525525904117705,4.925024589083608,5.190301415346193,Lily
5.58763534293384,5.1787526811018045,4.771286823574307,4.805345707093463,Lily
5.19073594265497,4.494655522325068,4.87588691593856,4.234349906112516,Lily
5.984351305072865,5.443768038588855,6.310761359431351,6.0693146171993035,Daisy
6.351232442776229,7.014807447122845,7.361565934659765,6.500962165792282,Daisy
5.79492518802105,5.303737753130444,5.799740093269386,6.263806219856913,Daisy
5.08590302550372,5.849869783602304,5.177629125923168,7.371364859921544,Daisy
5.7390499685932195,6.067948632330888,5.759809920087446,5.618852084964719,Daisy
5.540991439960304,5.433507479365725,6.199754432480427,5.945754157137841,Daisy
6.945045023030269,5.744199723752265,6.082562165627653,6.799948338308992,Daisy
6.292884304025035,5.749025654182624,6.272592588756028,6.173657101756483,Daisy
6.750348737846425,5.597642133647177,6.730264538107442,5.27861223508995,Daisy
6.0643090510033435,5.795100558109576,5.284418573221479,6.8472352949304245,Daisy
6.222758770376056,5.535953577650819,5.606892793759175,6.393414821633606,Daisy
6.991137721924361,6.045995183801039,5.649101914101707,6.970185634634189,Daisy
5.91495252902567,6.18159434249064,5.544835612653682,6.326404282541904,Daisy
6.786355475629804,6.125233267178747,5.453652469397403,6.452467297556346,Daisy
5.831024206978604,6.372241387550482,6.054089761052994,5.524334204636139,Daisy
5.145228068806187,5.4537912061047376,6.059731520969477,7.065191950443129,Daisy
5.760609288529499,6.0765390996700255,6.476426556662772,5.571572274872911,Daisy
6.381524270006132,6.210270988510477,5.352112319368123,5.970839901765115,Daisy
5.414245838931276,5.4033523967491535,5.543902424470368,6.13672011085027,Daisy
6.69268222267347,6.296210070118836,5.747642698879109,5.772865229255341,Daisy
6.350270404469657,6.053059932934286,5.457647009313824,5.711978480535333,Daisy
5.71950284391853,5.786698988148084,6.012987636494672,5.390351244781456,Daisy
5.781109692915627,5.62972011705486,6.4261764186658485,5.751520053384224,Daisy
5.650931587342809,5.654159563593934,5.946160738090597,6.0789725509909305,Daisy
6.740644140692189,6.187321125408981,6.731233665122369,5.887170662423132,Daisy
5.432960386171639,6.143917449870544,7.0181110053496525,5.542640220908291,Daisy
4.9560036501065685,5.5512381633031325,5.802282204012361,6.0901707638986355,Daisy
6.037865394028058,5.468719348050476,5.7361931870978555,5.975742630785917,Daisy
6.038729225795188,5.44222223349267,7.054374316453565,5.188955476656506,Daisy
5.804698837723575,6.1378910996759615,6.389414490386296,5.408247700612062,Daisy
5.454945758714212,6.152423068097334,6.257735773620785,6.35969623746326,Daisy
6.072533040456622,5.940361591092871,6.231810302945619,6.303606792783444,Daisy
5.434719764698058,6.121455022244501,5.623141691918312,5.743977350704841,Daisy
6.950835601494116,6.14730836801943,5.822030529462032,6.193408443365157,Daisy
6.081867651162993,5.21169037110875,5.97424677380971,5.280193900807792,Daisy
5.820780165661167,5.284990293887813,6.528719376130738,6.799304384803979,Daisy
6.232400036865497,5.517511297224424,5.735111603959329,6.010717688596842,Daisy
6.346457752788338,5.266045485690077,6.4293251200889046,5.875562378372344,Daisy
6.458116490878312,5.92678297429824,5.283601641236791,6.431296542649561,Daisy
5.679044595179695,5.951989977674969,5.483108861652061,6.696096433290603,Daisy
5.999167345350232,6.537332272251098,5.380419801592471,5.293385263431961,Daisy
6.405853301513367,5.542529691208671,6.130679514886703,6.502192676151533,Daisy
6.019561269285461,5.912485429916715,5.350482629965012,6.208355385670212,Daisy
7.1179190570807,4.760358175408444,6.015379480655363,5.295261061695268,Daisy
6.2055922157460355,6.929602803475598,6.0952146584164515,6.322757890680559,Daisy
5.834715503426973,5.778511632767617,6.189725506547183,6.117198391697681,Daisy
6.138973214363852,6.028318119617728,5.4652870125965025,5.971474643266092,Daisy
6.659569032696442,6.1800287070093125,5.766567822001419,4.915995360721368,Daisy
6.223751690050697,6.350896329521107,5.661162944676696,5.587896354469935,Daisy
6.4752669127354086,6.313295859999018,6.675629792726883,5.488067045017175,Daisy
5.350939143610143,6.967120985538513,6.225559592426993,6.009628374209938,Daisy
5.970442020050732,5.670777897471604,5.340144631405933,5.488232590966323,Daisy
6.434986214793687,5.961637217250744,5.799473303525606,6.462356659574258,Daisy
6.56561105104272,6.1061363239599356,6.480223744820507,5.531724014302274,Daisy
6.442587398454118,5.879412538796115,5.761227766017911,5.61507365372402,Daisy
5.68412539178419,5.748750288103344,5.417111497964063,5.826649250914576,Daisy
6.724860597011245,6.102610147979404,6.018205562792178,5.6410183747731315,Daisy
5.741402088855441,5.3718445792077105,6.129431236490073,5.408124366760314,Daisy
6.52291024890835,6.063106075564776,5.278534275512656,6.192016715246663,Daisy
5.564991071715537,5.918099644531137,6.328281452516329,5.678837102973529,Daisy
5.199745771335431,6.560565611298498,5.599052134296732,5.972792181074641,Daisy
5.907796210522164,6.066092302657083,6.238151957757781,6.378980273479395,Daisy
5.673878651426041,6.40650527547528,5.832585775530002,6.398841862947071,Daisy
6.258380789083791,6.280491373833886,5.988858906005711,5.7828095338360335,Daisy
5.876864865696356,6.062103648730414,5.67125342450096,5.679332420080059,Daisy
6.357416007537849,5.750217714783578,6.182110194708812,5.867518366824946,Daisy
6.522213344461741,6.614256274410455,6.65855742450183,6.022205220161876,Daisy
6.24971440945299,6.257995720418034,5.976772897618715,5.7688999048205005,Daisy
5.973949079395998,6.082285536303142,6.800036580176138,5.808771622066097,Daisy
6.19480442446916,6.150522764347747,6.119854811912048,5.860901386410366,Daisy
5.552997606103886,6.232621946809596,5.862201667106669,5.858556599886276,Daisy
5.66457586059569,5.431833638978513,5.834052790497833,5.7839534424387224,Daisy
5.6071021136219965,6.093414965488489,5.841582438646945,5.8735125909324655,Daisy
5.567558377632618,6.367965729773611,5.909083279089615,6.320981872240368,Daisy
5.549801998079015,5.492442643761665,6.276878504599923,6.697601053250916,Daisy
4.998705608277489,6.021661753759072,5.675382903002214,5.71711942616002,Daisy
5.935697238310282,4.999600692679937,5.82571236181328,5.8326046793671,Daisy
6.184244221681982,6.4834148992936385,5.991572378980667,6.449565592174995,Daisy
6.159938403191844,5.678843293449454,6.307206971476482,5.788544551007048,Daisy
6.087156483194446,5.989640067266989,6.713576537259167,5.896292044018022,Daisy
5.774501515295299,5.7905469983274145,6.141344727923846,6.3311027964244095,Daisy
5.215274328899387,6.140404531699564,6.391634685711696,7.1304804367135715,Daisy
5.944923115354196,5.879556406149674,6.303592706658837,5.635162072067126,Daisy
6.793280789718349,5.047655215128863,5.017941236073412,5.605632664276392,Daisy
6.418432495348305,6.005393207554309,6.866631784996538,6.1927138944205335,Daisy
7.319657875370064,5.869119788119327,6.315875710931445,6.116334157472725,Daisy
6.105242489722384,5.90757031942084,5.293055523274459,6.198429894357774,Daisy
6.673378899075506,5.21864486987229,6.646232397926186,6.292552678617709,Daisy
5.406065374910033,6.340344705217765,6.200578143630606,6.508757567444945,Daisy
4.935013451923195,6.553783105453269,6.9723225566483755,5.526449547189546,Daisy
6.1930588889339955,6.188419338729,6.267953697776178,5.783592272635448,Daisy
7.227624417476764,6.258738385655414,5.343635897259739,5.912875272384571,Daisy
5.769794756747472,5.810012395001194,5.666051704118259,5.1260070902368575,Daisy
5.78164999019332,6.790160481513683,6.256281135217615,4.313168318107473,Daisy
5.955166709354781,5.564291725271234,5.54275397861254,5.931191654306699,Daisy
4.9525578335557885,5.513175318711344,6.169577926015641,4.78309484062749,Daisy
6.186416855055825,6.800748802039129,5.939565928059061,5.551541981235252,Daisy
5.500402508345902,5.816844136428229,5.726715946716043,6.138655611064823,Daisy
6.282697662985244,6.04288881448029,5.9571599051424,5.570703244878085,Daisy
6.208260940808134,6.843037323213145,5.697161040718427,5.329851039502842,Daisy
6.460269844655162,6.572737174935598,6.163824855232419,6.843045028881946,Orchid
6.075359431592789,6.794655414509836,7.259311340855733,7.138625601195137,Orchid
7.013052450724266,6.185726470644818,6.308692094334761,6.592807341834557,Orchid
6.911498082379082,7.268652370073261,6.736889198071486,7.698030006273487,Orchid
7.263173613622978,5.943374544344056,6.262421627265487,7.441033449309719,Orchid
5.913431521510551,6.971114136749314,7.133160321097948,6.208368661253015,Orchid
6.774637100001567,6.919308423603292,6.793154673523846,7.214016520808921,Orchid
6.849984270845183,7.280806581989265,6.039353226245075,7.372904553696851,Orchid
7.268083230821384,6.64256338105314,6.3797002649602454,6.970070877092925,Orchid
7.009696279080417,6.776715070390788,7.287902686912483,5.922158170028926,Orchid
7.887867677634571,7.173921930004687,7.468083092617067,7.033314372602317,Orchid
6.693179341526971,7.035052647157845,7.125564179073826,6.992111803580499,Orchid
7.4593729062827165,6.234948588772726,6.967756040922686,7.101784430915479,Orchid
6.428156401429433,6.3845192588634765,6.8745086565499145,8.107544225386752,Orchid
5.7128449614246755,7.202752085168567,7.249444246865591,7.42803233536146,Orchid
6.814425653848271,8.020044915343533,6.993726144754408,7.534764526007807,Orchid
6.301702046977206,7.409397169746515,7.135982386528973,6.449885000017796,Orchid
7.24674217644597,6.833655379734069,6.561671087162946,6.959737543580572,Orchid
7.261660991191279,7.029142098845998,6.548124041822556,7.213740918131059,Orchid
7.327005224278491,6.775072723857396,7.655786277124832,7.1097036335589125,Orchid
7.901361328631646,6.126406001958331,6.6673302624653275,7.011845071018024,Orchid
6.3083354315221385,6.55156895193376,7.418632470254463,6.714237656445531,Orchid
7.207810118148165,6.5606116424565,7.366636656450448,7.5819888991814635,Orchid
6.946709723830235,7.972259739514254,6.678794920085966,6.554780042526469,Orchid
6.7710529058861395,7.261250167487922,7.751007531417772,6.511061702426263,Orchid
6.613145909581923,7.034047360400973,7.638571775725621,7.993904787506458,Orchid
6.55421835005211,6.486786264758229,7.4856064603631305,6.8155490453419825,Orchid
7.223902059952796,6.238604250116601,7.292844358111201,7.3346365153183095,Orchid
6.56411923398842,6.398571144109711,6.5158527093888425,7.756231709316577,Orchid
6.833681594147846,6.459545975500718,7.103289118576739,7.40794711191897,Orchid
6.736751881189487,6.286635225621841,7.574901929788158,7.768607924802973,Orchid
7.4056363102958604,6.880412507769441,7.991744017158245,6.595691068444018,Orchid
6.944170475199437,6.783905534702641,6.387124981014425,7.247676710937675,Orchid
7.479070267039095,7.960947546416021,7.14624561598079,7.116227803756613,Orchid
6.6586445949763045,7.427452826818321,6.928643510515711,6.748585616808273,Orchid
7.007630973925855,6.741226574693653,6.661833358188229,6.745984129515296,Orchid
7.225148243534267,6.655625828673741,7.27842229745335,6.430003269276864,Orchid
7.523480774644781,7.056912001257441,7.79980265950792,7.680210615470946,Orchid
6.119355545120942,7.310281630917654,6.739385066042857,7.244832768798972,Orchid
7.494643555879819,7.052494757570875,6.088686136095724,7.766507132478185,Orchid
6.999004574410417,7.2541647017249735,7.6232796621207095,7.545902866197222,Orchid
7.172785273706398,6.335134256211625,7.635289108226188,6.500310764369696,Orchid
6.916362212845699,6.494254705768361,6.970175949947806,6.8125350087404275,Orchid
7.281887390657629,6.649136405071712,7.548198771101041,6.784279927532572,Orchid
7.371133055548284,6.5126970442355026,7.581233137032151,6.769531105430872,Orchid
6.7224664275418045,7.871240116278414,6.858008645655789,6.428609426591791,Orchid
7.358944184587871,6.878346758255591,7.448699806942247,7.3982060855166765,Orchid
6.959953436823152,6.900203890446026,7.642096986554065,6.7003596772902725,Orchid
7.536952157791368,6.397507659512082,6.8670686596814186,7.86924815301967,Orchid
6.699655596088601,7.104860902084408,7.012105399148057,6.411968541847419,Orchid
7.682505063104292,6.916351003974142,6.557827549956627,6.351795081198858,Orchid
7.93525272731011,7.559893566968811,6.5617914865931715,6.497434007466433,Orchid
6.824982915700915,6.93190013649809,7.165857366505908,6.794337518716769,Orchid
6.836245680659886,6.172738053036049,6.7636935084074965,7.230717013949477,Orchid
7.384235184182663,6.630325856706005,7.0394421222472685,6.258963705901979,Orchid
6.679013302457219,7.109199899932499,7.505441397059425,6.9257645219551325,Orchid
6.953241882478032,6.952777087918062,7.535104729681913,6.866371237472386,Orchid
6.871484519748489,6.234820923533106,8.151927261360077,7.350476547662817,Orchid
7.583448362529646,7.14067055288171,7.631021393413602,6.779090033765472,Orchid
7.2038614922702,6.67956901013875,7.495982832626595,6.978515382108225,Orchid
6.696419041468659,6.231812305753341,7.319388220507132,6.8881102269489345,Orchid
6.792946600747691,6.778137667631573,7.098202096627487,7.192188639451078,Orchid
6.731715600714359,5.986102097631619,7.336940919469822,7.712013671270247,Orchid
7.6970838657226,6.770455015082619,7.190498902370808,8.525163327465044,Orchid
7.2077606815306,6.710469500237017,7.004121594663127,7.02078930390957,Orchid
8.047853743471792,6.9292668616447095,7.196296987458003,6.805096815193156,Orchid
6.0836112765569705,7.705395118436423,6.048137475752192,6.75078109729776,Orchid
6.794476030033959,7.098534571281833,6.641166568304821,7.470899612085895,Orchid
7.227301749165014,6.948512510916068,6.274528752427784,6.113888514869703,Orchid
7.59190550729969,7.677352846404213,8.091693344994457,6.627494058591491,Orchid
6.991663860857718,7.471866222632957,6.721729300390089,6.569666066464699,Orchid
7.0964755939934685,7.25400207829119,6.916306257892424,7.053180410860043,Orchid
6.9368108347443656,7.6677954825913766,6.678291794344898,7.435871809464434,Orchid
7.6022102086186925,7.4588729286700355,5.662618725277765,7.384962835994281,Orchid
6.977303096693048,6.776518687214733,6.525024614318863,8.218633496157825,Orchid
7.5025329223209845,7.617132238762749,6.949640700694152,6.721579267869995,Orchid
7.547530965593472,6.979715005429887,6.122061698689936,6.041792470340769,Orchid
7.099458324782375,7.270268464170503,7.408794933132081,7.367662151078363,Orchid
6.919887397317448,7.5425076060257235,7.645203392981665,6.50856695512036,Orchid
7.825399090603015,7.513691081023309,6.063439952567551,6.919837680683449,Orchid
6.771590403756559,7.934974613087881,7.20157553156247,5.994651619738801,Orchid
7.0685581685891234,7.453545712857365,7.107693934369415,7.0336416411073674,Orchid
6.369048573570889,6.842253797135116,7.138387361806255,6.452997710562282,Orchid
6.609958711537455,7.271339333869749,6.957814445518567,7.201098504486481,Orchid
6.071827629953543,6.947395427127511,7.017426922921228,7.005659914932251,Orchid
6.793463087814479,6.958822168086929,6.355265584013049,6.805788036626257,Orchid
7.662894201967861,6.7692126143064675,5.847097724733841,7.244014560248589,Orchid
6.594010891090204,6.317077958216141,7.84192392167821,6.546776408898441,Orchid
6.639887589301883,7.537599979923094,6.659188860068343,6.319436268632005,Orchid
7.158103398502089,6.621853539998831,6.893947265871366,7.7834221544294255,Orchid
6.479332066575932,7.748428245511257,7.083409700731194,6.963675488611176,Orchid
7.21053340936508,7.805623157146955,7.064319133059282,7.159822466804103,Orchid
7.166352554550392,7.682640580939836,6.76464193932981,7.368769338252069,Orchid
7.439112802235727,6.557871229115701,8.107793234346737,6.280636212311864,Orchid
7.293301241550656,7.3165283186886425,6.599420865195368,7.35341925307578,Orchid
6.673712979357825,6.475481239257768,7.133167479226609,6.927536678686663,Orchid
7.827305105773932,7.284380442403487,7.079415521590633,6.747974522869375,Orchid
6.617411284648368,6.857719485851511,7.438636021495775,7.075960615284981,Orchid
7.969904023588492,6.656223471961842,7.400547183668007,6.650959404558067,Orchid
6.018772041482476,6.186050033712775,7.246138788582966,7.480757069194861,Orchid
7.798870917465245,7.462415124718594,8.311852448625027,9.083733850314303,Iris
7.944095676249606,8.042110322305787,7.910011236020527,7.336678239103851,Iris
8.046750908919448,7.72273629690747,7.998958834284073,7.7715419798300776,Iris
8.455325927506067,7.5760177577370325,7.971538479015067,7.753325488645064,Iris
8.432430286289778,7.476119913086286,7.880372736056226,8.351161904061355,Iris
8.577256393997315,9.297322169205655,7.8564887820541145,7.2776335220720085,Iris
8.228696546367777,7.727912850995299,8.023769123062293,7.773730457299427,Iris
8.090885715908026,8.406416684348772,8.167812380895903,7.7725501618973345,Iris
8.200832585334247,7.826649681246657,8.53176190555986,8.138741249361624,Iris
7.450998054691417,8.366389911480475,8.366907066737955,7.684232783534708,Iris
7.452073719346067,8.72114668299865,7.777526489027873,7.70989381647258,Iris
6.846734345409481,9.024578624784821,7.784296853525551,7.6672669781078975,Iris
8.767062715590653,7.77563390910319,7.447672364567208,8.068965016845066,Iris
7.823306820879568,8.646800032155221,7.703220611737011,7.859347943259141,Iris
7.373451899203418,8.230740957617297,7.9263847892314425,8.980985069720736,Iris
8.250375513685755,7.8318116128550015,7.981107767962414,7.699296902239499,Iris
8.087228953094453,8.513910677914502,7.481575112563721,7.299482712396916,Iris
8.114216364125147,8.144751879112146,8.038526275003145,7.72169578021928,Iris
7.082697341531497,7.665568813459901,7.569476000540985,8.503212777217769,Iris
7.691758440077079,7.242914413424681,8.257564378412326,7.77261192779496,Iris
7.930888900912388,7.6086234286317085,8.663061763464087,8.399843783492287,Iris
7.671873516877863,8.770968588276379,8.032832618672787,8.387597511921284,Iris
7.666658006075074,8.454096067935112,8.37882981233043,8.458127425463726,Iris
7.6350271957876785,8.277656537590419,8.270704799265108,7.772180167029682,Iris
9.117699987297522,7.363523654854862,7.545340821874244,8.037332559945549,Iris
7.304503343649905,8.39888449621107,7.355710548022946,6.66689553331851,Iris
7.814025276285495,8.340241186447518,7.004267249259938,8.523248471712575,Iris
7.9075368143921345,8.293172923607813,7.702799836470008,7.569957030969485,Iris
7.500525568720125,8.505703050695518,7.918992074791738,7.794163862318836,Iris
8.056082103355568,7.7071235774607425,8.458914724123776,9.001495459585527,Iris
8.830373741525602,8.0123840177424,7.67324097169332,8.365027066799481,Iris
7.650977891905289,8.165315524111339,7.551937231979929,7.290190040975265,Iris
8.513959227782461,7.263123448735229,8.495757142893153,7.822742430934388,Iris
8.165431502530069,8.453557948907209,7.871419096704768,8.276767117035087,Iris
8.103316526598515,8.877974726718975,8.085335289510205,7.564346923213364,Iris
9.139158666381885,7.8544968050037065,8.95571473324068,8.599832251907161,Iris
8.36952818285734,8.649284490367428,7.590044747769612,8.158017047756992,Iris
8.305884666417288,8.968718099847766,7.031452901830202,7.165222808136761,Iris
7.481748715353564,9.058570272639926,7.7743606292452885,7.815309162374995,Iris
8.088052020454038,7.6731732984704495,7.817182579514373,8.183250407726213,Iris
8.399040234793805,7.53671509110963,6.999943537422265,7.543626012912983,Iris
8.02819977765016,8.011011561356595,8.69105874570106,7.795006595826234,Iris
8.781656056101896,6.808322254594437,7.952733279941013,7.723569394915332,Iris
8.462049049093444,7.044855976555094,7.354644672477879,7.2003467843798985,Iris
8.369599345505538,7.073402540246332,8.653497435952435,7.423023064404702,Iris
7.445014755225403,7.633694944378172,7.861005933687496,8.735327044948214,Iris
8.581067925340472,8.678872194063402,7.9159158184141765,7.839578616201614,Iris
8.711612227356568,7.761448800277402,7.681409645550588,8.557728422953048,Iris
8.043682941717949,7.955185997429895,8.037467677477965,7.45753122477479,Iris
7.077359194071382,8.137686342708568,7.830524845740031,7.786098988887837,Iris
7.092539929312983,7.600922009402765,8.015617752539919,8.444633879076546,Iris
7.62150572338505,7.5342484047889515,7.9961095459571245,8.004382315115484,Iris
7.721959344390946,7.914280448366442,9.025582679704995,8.404133478975066,Iris
8.997830241577896,7.436621351598818,7.585329276980586,8.602470462875115,Iris
7.642820792764868,8.185683751546023,8.295276953644654,8.009899311752324,Iris
7.530841457819268,7.4433082238188515,7.633831141767233,8.053702234325765,Iris
7.9719015480816,7.676162142326682,8.153162821586896,7.384708675397947,Iris
8.271234020288944,7.268374670204267,7.350036190363747,7.365418231581747,Iris
8.449054468925699,8.043231715255367,7.813867438814654,9.155702741894851,Iris
8.207184239787033,7.097023989939009,7.591317098105579,8.449143510590638,Iris
8.41296068769523,7.9878130351440655,7.251900109051576,8.135155909537819,Iris
7.828113527066405,8.111435910615759,7.7717231449594335,8.848224118929615,Iris
8.727843440373805,7.837459786605704,7.830442240095966,7.681113203156554,Iris
7.50146949767554,8.825825208807714,8.01146882085468,8.815401219050852,Iris
7.3715043359113706,8.25986664366576,7.767049131073278,7.788862052636016,Iris
8.580190094642823,8.090856523065664,7.872758323048874,8.286027345631993,Iris
7.8888683767837415,7.829327688184463,7.84727023602599,7.560259071528098,Iris
8.074255651591992,7.184559829337749,7.350383406824451,8.199549740425308,Iris
7.6002107892461055,8.419623962795505,7.714606895509559,8.759545309449459,Iris
8.049208504054898,7.717418160780143,7.7609708360497995,7.311836110404812,Iris
8.158031312709666,9.20684053883369,7.734306827342708,8.92312031207079,Iris
7.465321474502474,8.266812639331569,8.221119072146916,7.561735864027627,Iris
8.01155243908002,7.547698725000892,7.9893631408861,7.870306625176927,Iris
8.115846641767046,8.119568966943433,7.639283560353828,7.55775506901829,Iris
8.46876004754981,7.385938614624182,8.227415545595903,7.9030668182223165,Iris
8.60456081074001,7.204727088142883,7.686710740114027,8.114642979844952,Iris
8.161457473117842,7.832750956178029,7.975618105554319,7.817435205865546,Iris
7.283869255880112,8.425334147942737,8.183701318703287,8.143537379912736,Iris
8.191063334967943,7.930242513616158,7.607423832141829,8.121098211557166,Iris
7.114916226716081,8.847331372932683,8.498279597547622,8.427188967784234,Iris
7.636305025828404,8.111655866955712,7.806665530463853,7.780760203454204,Iris
8.14225973409779,7.819840849962336,8.405288271836008,7.952367583487759,Iris
7.955691554939618,8.261505163227772,7.233493883144828,8.108534708690078,Iris
8.831612576122573,8.433908467272591,8.276941774339472,7.369145535561526,Iris
8.538867230273405,7.505277873724479,8.603863992315555,7.61036921287291,Iris
8.24470220200399,8.468701116390532,7.928051080979734,8.171190958932385,Iris
8.08255068398503,8.01192753110904,8.511125211834987,8.209936661259281,Iris
8.562461573410534,8.725901637515864,8.1063589226483,7.963383465435452,Iris
7.322634439008149,7.972684911808612,8.911533707489848,7.84246461261488,Iris
8.051017050101377,8.494919892613918,8.261948766042872,8.089445812421754,Iris
7.902045956788802,8.170982685537732,8.23234536926946,7.128791084647165,Iris
8.163088685122036,8.122572301144752,8.45132235211081,7.522351527640306,Iris
8.166154811187791,8.543859580433796,8.738114403509915,8.753632831044985,Iris
8.313351785482567,7.532651783819106,7.908889351014831,8.16715977684163,Iris
9.248508461835574,8.537456648478255,8.264496953149555,7.191778546374584,Iris
7.890326572461474,8.20666213186293,8.127574706340475,8.202453552303453,Iris
7.159288137639047,7.345867782207806,7.7640763780306,6.587756070125965,Iris
8.226650526868301,8.075293836019707,8.549239331011373,7.5527720916868715,Iris
8.67981961757741,8.59676575121143,7.616309169189834,7.199002416774128,Iris
8.177948372050261,7.772410733507358,8.897279735002439,8.00525642445243,Iris
8.911945406536526,8.649337157676518,8.57783493036424,9.035827949132447,Lavender
8.855332172822331,9.407640399634454,9.50913978562946,9.137979140155066,Lavender
8.442256017852717,9.062387953855488,8.761425189941448,9.720753809143757,Lavender
8.371321638003995,8.507901366950488,9.125472819144122,8.047069862499834,Lavender
8.471332448155287,9.523021709922649,9.28658333176784,9.6482207224584,Lavender
8.884318971640894,8.927333901784616,9.696196632490878,8.804605629908567,Lavender
8.771457352044903,9.2624095979043,8.009324519930248,9.061294745623249,Lavender
9.474809932003142,8.502861288679057,9.734613829515983,8.646943176085529,Lavender
8.35871404100098,8.848450676957919,8.606957822754572,9.291448166695087,Lavender
8.475427196219677,9.745671800709529,9.527661633451075,9.300286334893773,Lavender
8.950877476661836,8.708889132686034,9.677403987898556,9.050244182281588,Lavender
8.27448369245409,8.949163612931672,9.148525016055238,9.02116593749188,Lavender
9.24579729436418,9.476164036608907,9.400656470871473,9.158730517646097,Lavender
8.580574913276028,8.548119561120219,9.506283040735346,8.577158500096168,Lavender
9.136503086988045,8.030448717251454,8.896169457320847,9.417569403914747,Lavender
8.800403172400365,9.19220580609278,8.944808446350429,9.424854975291499,Lavender
8.77841966311198,8.300587422776594,9.384583441062206,7.839297381908514,Lavender
9.092424111836701,9.715183497828402,9.443523291952351,8.890905915048425,Lavender
8.9109711181768,9.428727515709898,8.949347908880883,10.164357354202293,Lavender
9.056707469182797,8.725955928690313,8.796924761476248,9.758235280118088,Lavender
8.371710659441463,8.817676765793356,9.58814967178057,9.140157628410321,Lavender
9.82057575627952,8.834063488373731,8.395350281279493,8.785623164157355,Lavender
9.024364237793138,9.328024981578425,8.522402063960163,8.782551662181739,Lavender
8.283377288348618,9.401321922412105,8.74747749975061,9.769265624040623,Lavender
8.504945055022022,10.057981415773742,9.156702476632365,9.387426734410864,Lavender
8.574785611771665,8.813584508133612,9.271559857517513,8.550109038853273,Lavender
9.10780767269934,8.593833549304616,8.661399192618465,9.228199967178515,Lavender
9.627243304882024,8.3684790577014,8.931540310049455,8.608002039556837,Lavender
9.607869579604634,8.703306694682121,8.79232913626514,9.084453255657156,Lavender
8.853749870885771,8.675839208382516,8.378255124733414,9.01373933976875,Lavender
9.048614157916335,8.410153114033927,10.050629666866078,9.875195805898292,Lavender
9.343708690883753,8.925713854335251,9.596398381530932,8.849042085095945,Lavender
8.88281971377218,9.161706493968204,8.24228450421804,9.067038731224674,Lavender
7.581176236298786,9.34838530617775,10.436275260157986,8.243941304152258,Lavender
9.508798262216617,8.373283362355735,8.070397958018006,9.50690312675433,Lavender
9.305463252480772,8.534785398491636,9.424079748796084,9.732631571032485,Lavender
9.8421038931825,9.259924443579713,9.946110182755415,9.871487503475128,Lavender
8.210856808893658,10.218354477615218,9.384670088288066,8.852861368884923,Lavender
8.964497166099504,8.187034084935114,7.885255323167631,9.698175665585978,Lavender
9.253156871269113,9.386823599422831,9.20667491344619,9.172310388851187,Lavender
9.253180872482567,8.646925620216871,8.614983919104207,8.217918869648976,Lavender
8.554403289490516,8.76291343306425,8.749488202975385,10.126270183982681,Lavender
9.091119919268634,8.494838521166347,7.9917248093181,8.73859522115418,Lavender
9.34740355545918,8.512141229296565,9.445268023502448,9.328261200263878,Lavender
8.650053199458384,9.485401029760052,9.657792806197225,10.038612124424397,Lavender
7.9823655387698516,8.996572477250089,8.777822041040798,8.122836525688912,Lavender
9.45120342443941,9.382993784101926,9.235556114053608,8.153191465225113,Lavender
8.336328731397469,7.763368021304078,9.182052023718807,8.432345931754591,Lavender
9.782777622626634,9.182894052292491,9.826400980622576,8.653361221046051,Lavender
8.558753440578856,8.868795974251228,9.263110081410758,8.43590559556389,Lavender
10.116201948466001,9.24082285915922,8.451663149984473,8.843594759325589,Lavender
8.506660152333101,9.52180068784246,8.132244730214122,8.548178680551112,Lavender
9.086332181164495,8.756423677636413,9.222557044338021,8.92711474114058,Lavender
9.26506117609838,9.166831707472703,9.281506655652532,9.31295438073985,Lavender
8.828550122362058,9.204788187714016,10.274473993459456,8.96727450091257,Lavender
9.530690419156732,9.354551691127822,9.428825108328484,9.059339123077589,Lavender
8.884392224897752,8.789254812910865,8.775370672844643,9.263494136617949,Lavender
8.809520370879152,9.195342013240897,8.684915663247072,9.372963549195983,Lavender
9.215954978858111,9.532742023717313,8.746566711587738,9.661605012956818,Lavender
8.95874281940018,8.87605376182364,9.986045560973691,8.818019201567102,Lavender
8.241980686148993,10.25478840009297,9.725414524494582,8.295760610175352,Lavender
8.697527959485162,9.281579179608613,9.391285135005093,9.149694196686893,Lavender
9.163000976230698,8.95524643902863,9.161475621583195,9.70754897143808,Lavender
8.562167480340577,9.080584588306014,9.267595598168715,9.293877002642885,Lavender
9.015663204382266,9.581313912258956,8.069870423951283,8.529586848469872,Lavender
9.40324587476936,9.256112956080983,8.55978574645119,7.838248426088029,Lavender
9.116221801492427,9.59803561516199,9.569417187392425,8.381504784618196,Lavender
9.260388826737225,9.20376804868239,8.202511881418593,8.610495982392717,Lavender
9.725204884726796,8.958586233908607,8.958826867240054,9.810047521841849,Lavender
9.46788822146727,8.409383828565126,9.027760691271208,9.619050363695314,Lavender
8.951347217120382,7.740506982073992,8.826123039509461,9.523991869909587,Lavender
9.274529318016484,7.8427004872824035,8.9058779262888,8.769320575418085,Lavender
9.071252885364535,8.470149621299683,9.336071488449596,8.667815149424174,Lavender
9.155509997841275,9.376141204840966,9.155862543237111,8.611227262653058,Lavender
9.573826563325554,8.964340098618107,8.770350121023494,9.459811434162367,Lavender
9.358620113377274,8.930147053276649,8.696727245780593,8.911190747065202,Lavender
9.241967018162452,8.85738747051952,9.013824229699175,8.449953769525095,Lavender
9.044507849220317,8.440392723242603,7.064550635587768,9.78927156024639,Lavender
8.59299683287135,9.062030266986675,8.082798924594107,8.985727340056503,Lavender
9.733074190714069,9.820630650557344,9.008937438819647,9.671110737987688,Lavender
9.232166156911731,9.045873383296222,8.540171353702268,9.330673453454889,Lavender
9.084053661099752,8.908626415446713,9.030998733463571,9.114764029093177,Lavender
9.179288009453199,8.969226887678628,8.870466891761906,9.294685401850714,Lavender
9.599933025061654,8.737049771619299,8.684126886598238,9.805607741904623,Lavender
8.892009498720606,8.779018162628565,8.066101508377827,9.344829600809298,Lavender
8.282185794558433,9.134967542935213,9.055716339102531,9.258325300875896,Lavender
9.392160675847798,8.324741799776678,8.024206821737797,8.669424845133417,Lavender
8.63820727963334,9.260996294465834,8.746368570899552,8.326117410946107,Lavender
8.43510810652448,8.715020287056477,8.749710608418978,9.471916594699795,Lavender
9.948066838648948,9.097263347961709,9.185196657347992,9.57760651125763,Lavender
8.918064409325762,8.424555118995977,8.734869236634225,8.941664859115214,Lavender
9.808202752639765,8.633681866085443,8.966767688824422,9.456677102894183,Lavender
8.204353865513038,9.019788805613862,9.279618274653739,9.252899645693349,Lavender
9.000948155414862,9.069347593564713,8.94969714649877,8.459863216415846,Lavender
8.263198607235026,8.734316097083319,9.644403625863768,8.869814020246448,Lavender
8.893195376970228,9.449689299639497,8.733809502254378,9.083334783028253,Lavender
9.20940264704686,9.652014405709854,9.710071447404044,8.55656727219647,Lavender
8.715383542280385,9.406998628210607,8.891991460952369,10.405287523265747,Lavender
8.501722599281457,9.056053505110956,10.098958714689457,8.934822048011192,Lavender
8.084008926130064,9.183406249001802,9.067770243716096,8.238787783698308,Lavender
10.598328350221275,9.960923920603959,10.308219278696853,10.429506984649345,Marigold
9.629953847722366,11.362588381400984,9.237141559607089,9.88190310015574,Marigold
9.833540546831337,9.277947702639786,10.665145026674375,9.482578485989238,Marigold
10.621848453903395,10.074015770378956,9.526912373460723,9.721744210585678,Marigold
10.845316144162183,9.68328362619703,10.035480564388653,10.001482717590456,Marigold
9.419047846356758,9.928166781448363,9.524256164517286,10.23873610886748,Marigold
10.209668337129653,8.59067786148553,10.323842934252074,9.695126359578559,Marigold
9.638437068023185,9.814885647487246,9.707989697583315,9.694632207165123,Marigold
10.03138580536526,9.729634758819651,11.25682567827116,9.788074032980091,Marigold
10.140401889502654,9.904846305733866,9.892675378389344,9.611149964091382,Marigold
10.188540364175855,10.533918585988156,9.914303898030608,10.398839880736306,Marigold
9.799652808203621,9.51197733521091,10.398873992695385,10.88023878988965,Marigold
11.46467204896091,9.826902774886555,9.89178206617746,9.81846528544929,Marigold
9.582045637667477,8.629692752569108,10.0679647700852,10.12565265483352,Marigold
9.552787973151464,10.20991545694884,10.43906304289432,10.316694935255434,Marigold
9.514509072765286,9.918879262024426,9.782650657451185,11.413711684130156,Marigold
9.733853213089573,10.231198405777345,9.670966022353703,10.78152451886934,Marigold
9.678663746531708,9.37577050607119,9.162755276700308,10.055943113791054,Marigold
10.618635785752097,10.265619917668069,9.151503864729587,10.246624128242257,Marigold
10.543615382102784,9.282513416157885,10.0498980222609,9.82312315760951,Marigold
10.552204247202468,10.508853293322787,10.403131968329248,10.483371884020794,Marigold
9.776360822420486,10.310289339728104,9.662487151292776,9.834646336061725,Marigold
10.866336808847606,9.866514435764419,10.506490606705745,10.353531859850921,Marigold
10.394776491294587,10.123005387887527,11.15559938772115,11.358073727376226,Marigold
10.551709902183212,10.227445386158061,9.785748189824087,9.895364128388122,Marigold
9.704577413365426,10.70239960077743,10.452435664197338,9.421436167889864,Marigold
10.536252966238328,10.709610142898521,9.464258056279892,10.159292600491725,Marigold
9.785029637900307,9.605805087353337,11.069284023644693,11.114584440411097,Marigold
10.498635384778185,10.48739290887819,9.704029756529897,9.588577882177155,Marigold
9.980776149751103,10.487820231163461,9.143153458805998,10.840205760818959,Marigold
9.409269982798035,10.025050535276876,10.644192295015852,10.274885479709846,Marigold
9.87586919853161,10.2339989107993,9.926084538102362,10.15717289739059,Marigold
9.333552262372574,9.947109534609396,10.585876030918557,10.166727984923073,Marigold
9.475043123721147,9.688469872950314,10.44116501006701,9.510409468224621,Marigold
10.11920817160966,8.38322330438153,9.732502630152972,10.22323254043452,Marigold
9.898717792269025,9.937262306936201,9.822108725846318,10.132441091487468,Marigold
9.163958038466832,10.627159624393812,10.346283154166008,11.036521929927986,Marigold
10.435168790168051,10.771397194159384,10.072495381610844,10.775390025810859,Marigold
9.048678894318616,9.982125230154086,9.5682347743675,10.30650516416847,Marigold
9.70367506150958,9.772387056731874,10.702134478047096,10.439064042606175,Marigold
10.114781108189712,9.656454128522146,11.09413486025177,9.984550151660088,Marigold
9.556776074502544,10.02402830649952,9.829699116067633,10.383157067698528,Marigold
10.724881580409864,10.624629805766173,9.746637669397746,9.704035773734063,Marigold
10.455934028196397,9.513115649884664,9.325598376864058,9.206675786872564,Marigold
10.14462382581579,10.026842247342673,10.726496284780827,9.815420131868937,Marigold
10.49238121466555,10.264815199063397,9.913029777672651,9.477011496328954,Marigold
9.793950368275206,10.195196187616734,9.62279950658064,10.154471885135733,Marigold
9.96297079733653,10.599876485167684,10.507449817588673,9.90605667416274,Marigold
9.85372114459095,9.503894895550081,9.612966781020363,9.9548855107501,Marigold
9.76508624676703,9.714945785331627,10.788930531352896,11.057007308998273,Marigold
9.78532296243123,9.517104382071484,10.532247472439762,10.227508806400788,Marigold
9.803497027321377,9.934413624938538,10.271601105365836,9.881816684863361,Marigold
9.602907500964333,9.935111951733335,9.872934767056186,10.186226994526809,Marigold
10.697207487305386,9.119442591577956,9.908263067129523,9.839610347803085,Marigold
9.207342869308299,10.494160498953084,9.2205227596616,8.532954016013607,Marigold
9.329222039514645,9.394048621473448,10.676964736445594,10.416942458185515,Marigold
10.412869909932198,10.170062366325814,10.469750802114898,9.65950086794785,Marigold
10.009967571809302,9.924374402984794,9.920474378089336,9.261035909751389,Marigold
9.907299180546397,9.793452020146924,9.488906168693113,9.348831322183083,Marigold
9.198741095340363,10.737939520544376,10.187015604308643,10.638810452640607,Marigold
9.91712061330301,10.196376067326643,10.324126246252714,9.689538195050902,Marigold
10.407800645877064,9.634938974136498,9.479676352277354,10.45442666828846,Marigold
9.327423318772857,9.123901680311162,10.822744506929581,9.767764783159324,Marigold
9.613075506391818,9.978246228295518,10.27261191945412,10.381925585264383,Marigold
10.226697478209482,9.633908996993862,9.900766034036195,9.439570478852962,Marigold
9.309031758513598,9.910019364544405,9.960675098292347,10.125240675955736,Marigold
8.821292215937143,10.50540711003961,10.41842530536718,9.405324485052617,Marigold
10.346355209960077,9.9337872087234,9.862306684100036,10.160675246980686,Marigold
9.815772610480405,10.193049701612242,10.293732017465203,9.488680995156475,Marigold
9.30959822564839,9.555658366289654,10.363609061496755,10.74253640554576,Marigold
9.300561648622434,9.876721892047733,9.788033120224839,10.025270411874109,Marigold
10.092183032758534,9.31338130018339,9.855413538809191,9.962328739047843,Marigold
10.312058692104863,8.762530789922009,9.995197108018079,10.517506780086798,Marigold
10.375934761400847,9.409329410003174,8.973312570564476,9.68683460695542,Marigold
9.794972687861046,10.848368103386445,10.400543506849791,9.616207983187147,Marigold
10.239945174536182,10.347414737454205,10.71866129923396,10.540071135164398,Marigold
10.27821059565274,10.116287126041257,9.202250469222804,9.485549624773874,Marigold
9.684976397381213,9.200988172426563,10.277511374733301,10.646468718612278,Marigold
8.764859042069354,9.62090232777355,9.578123794040366,11.126901609000285,Marigold
9.74136202372436,10.104528548737003,9.409354561221486,10.294215942166362,Marigold
10.229947921599464,10.154675323757557,9.86438125476357,9.551183340047666,Marigold
9.261318301566194,9.723336494692347,9.69457068877941,9.937380003934273,Marigold
9.787816299907615,10.128632926815756,11.369679862769377,9.99404132864125,Marigold
10.640685227765882,9.944925649603432,9.790766960397253,10.35033143725527,Marigold
9.769577316350043,10.513445548525818,9.159733787146635,11.395380424412377,Marigold
10.395682731315967,9.691667570887226,10.303118250743259,9.002631014866383,Marigold
9.890338675605141,10.479791647959779,9.301635007741968,10.911958193786115,Marigold
10.265447339307276,9.50212926489769,9.974681451259897,9.958094872952007,Marigold
11.018093508040849,9.904505214256476,10.006471872348047,9.751757869603223,Marigold
10.240756350586677,10.582494744467688,10.25545424526011,9.775037610353113,Marigold
9.640798479945694,9.316603778302941,10.038687329789614,10.307527247225142,Marigold
10.446393008745742,9.878666879103978,10.216943803076152,10.813598114021584,Marigold
9.53877432584943,9.984136350137923,10.496459418833876,9.304172920859898,Marigold
8.91596643496101,9.791087586597241,9.89960129148512,10.645081592633153,Marigold
10.503492655849087,9.67875131550433,9.690825028922168,10.286781811100868,Marigold
10.856550082630203,10.150616944249029,9.670443011329946,10.782047467038852,Marigold
10.161364246810745,9.850951050136155,9.410536277423315,10.287385365194416,Marigold
9.622175902197922,9.006288535704607,9.202863377710413,10.102141924990859,Marigold
10.00263153007896,9.601404320052435,9.237392276303027,10.14904004528111,Marigold
9.68741491242694,9.239084864563855,9.697847041918648,10.086541722354015,Marigold
11.446947733298519,11.600145164342493,10.72867046957088,10.887189693295438,Hibiscus
11.400951674275195,10.771541322884692,11.001695860769903,11.15686162931654,Hibiscus
10.907486356010258,11.019823830165027,10.23627383362518,11.46881796317402,Hibiscus
10.106050058341179,10.605582853166805,10.530425815131078,11.136101870495816,Hibiscus
10.687724624184456,10.783811793078751,11.093199118152711,11.584325953476101,Hibiscus
11.332984209316141,10.84553697668028,10.06299794788792,11.104423770252172,Hibiscus
11.36723549843219,10.974928165144599,10.938445694990762,10.06534925753799,Hibiscus
10.986424181076112,11.405362325526198,11.468148914736728,10.712458271673073,Hibiscus
10.905328990649132,10.52451172262243,10.237534893684185,11.316527999307157,Hibiscus
10.187476698724998,10.938323270318808,11.761115898095667,10.867533309697054,Hibiscus
11.625312350039508,10.893786555966845,11.210522914842658,11.546612290934767,Hibiscus
10.33323253208762,11.397411823960862,10.433893131160827,11.134935823904879,Hibiscus
11.284275232434439,11.549194849804984,10.288537434013259,10.275954485792171,Hibiscus
10.812946634688423,10.36505792160547,10.778845029441188,11.205288835969242,Hibiscus
11.68263541892244,11.687117835482821,11.78588952884176,11.338238740409665,Hibiscus
10.193724985182216,10.803455911047376,11.191680218835852,10.133397359246665,Hibiscus
10.860265273596056,11.326065687978963,10.697794565137498,11.464883950554512,Hibiscus
11.883326559874256,10.476822711504372,11.672234481302048,11.335155365655067,Hibiscus
11.332197168932863,11.386955976989583,11.081199175836115,10.99100958880169,Hibiscus
10.784443816837376,11.45829241072456,11.20152507517378,10.76504273393929,Hibiscus
11.916517900019848,11.12406900558167,11.627934865316224,10.578353719248115,Hibiscus
12.036592204819037,10.2693210923294,11.16980445026041,10.787187551188232,Hibiscus
11.36310153174781,10.951979893961608,10.848174036830368,12.14171975017156,Hibiscus
11.02095676578078,10.574428986130131,11.18576577208015,11.56015277832695,Hibiscus
10.150465912807466,10.734224348252715,10.49848291511552,10.999262131695614,Hibiscus
10.419561172283855,10.867526400507558,10.589634816754133,10.916013405859132,Hibiscus
10.909800235758864,11.764092539779584,11.59326252322079,11.326088264212089,Hibiscus
10.823815798270017,10.017161958875224,10.876210513244153,11.242007004980366,Hibiscus
11.395164391008004,11.457774036445942,11.75417685614159,10.40325850956305,Hibiscus
10.775401622237586,11.230631344374771,11.050098412750355,11.643079321722386,Hibiscus
10.43097660254196,11.42506895093719,10.776483369307975,10.083932759644744,Hibiscus
11.239290738809908,11.772729637542508,11.248753437383698,10.510027326215075,Hibiscus
12.35049765987009,10.581236708491572,11.798693107647361,10.85350216034838,Hibiscus
11.245279316130599,11.277972819453678,10.345917322390683,11.660592985585932,Hibiscus
10.697211058790744,10.28574431576218,10.912951964270833,10.578752170350846,Hibiscus
10.276866341554667,11.632573069574113,11.11434541324687,11.398024300088432,Hibiscus
11.34075587408491,11.078458392943045,11.069345749662384,11.089645119739652,Hibiscus
10.459321684306623,10.717617136915024,10.68805065195563,11.68052024426157,Hibiscus
10.557763894517691,10.692623295090101,10.630137961626401,10.76414793738892,Hibiscus
10.536665896062669,11.128101500688668,10.989150259120642,11.222822413698504,Hibiscus
11.50078827073083,11.01882160993557,10.822239176316094,11.19608955990262,Hibiscus
10.764815325591044,11.184583251538887,11.224570819640316,10.74809773245075,Hibiscus
10.561227791973662,11.344987924945038,11.252004630974021,10.241120570419058,Hibiscus
11.334821694267008,11.402232452070683,10.261413520845995,10.604936145639444,Hibiscus
10.641179999755165,10.87772197258002,10.793961241593745,11.530449449772506,Hibiscus
11.950658808482117,10.905161080561259,10.120638620229759,11.190049222889053,Hibiscus
10.532177925297834,11.23670071089375,10.974681117489137,10.912345317892134,Hibiscus
10.90865661159566,10.465205761071875,11.809843414412702,10.168714262782132,Hibiscus
10.904103944115754,10.686108191825438,11.894169880999382,11.167060800611093,Hibiscus
10.540442909667302,11.015484622666989,11.33686011680976,10.359411689734365,Hibiscus
10.978661304851682,11.679795220064776,11.67612468352675,10.320132009505743,Hibiscus
10.906930711385344,10.939844435975083,11.080436170397231,11.545349409236776,Hibiscus
10.48607563142375,10.908547323115153,11.264928011541489,10.533381272267764,Hibiscus
11.075004205386229,11.037357489657996,11.108524311854934,10.742670544364742,Hibiscus
11.313581573842894,11.327752659291857,11.001928003814415,10.176743312174965,Hibiscus
10.95576024784656,10.535466017168467,11.197810368644612,11.213559562567397,Hibiscus
10.8179641599384,11.28824292931816,10.673316887618942,10.196440431404733,Hibiscus
10.40367200153799,11.32569083152454,10.905673874918122,10.887781838529053,Hibiscus
11.883076765109276,10.535802123957993,10.907384667196858,10.963423382663061,Hibiscus
10.993727357349321,10.592386389071155,10.557556769165593,11.031245494323361,Hibiscus
10.747564991070309,10.918405969622386,11.151795332680523,10.654191834905305,Hibiscus
11.084686990240616,11.248912433396834,10.972065726540272,11.423873093139942,Hibiscus
10.67803638965348,11.422064953504863,11.20341903080529,10.462389621501421,Hibiscus
10.85702168556902,11.661535717469535,11.063916521645215,11.221374940724415,Hibiscus
11.566867089794583,10.42877294715087,10.098835367296688,10.847663140888187,Hibiscus
11.354638603653914,11.429269996412122,10.993336708452398,11.526395740085738,Hibiscus
11.726016562233731,10.992800854184793,11.091854055120898,11.796107358172529,Hibiscus
11.674980278616415,10.447714360011645,10.9064956824021,11.046630915475346,Hibiscus
11.162443777989738,10.959958609168165,11.659163792912864,11.342619734099419,Hibiscus
11.055130011606437,11.010906515394309,10.894996531194522,11.384082134588256,Hibiscus
11.388292661708206,11.000834894481487,11.260974751156121,11.002063498954195,Hibiscus
11.642365681605312,11.148751630967965,11.745626251378408,12.137661475435811,Hibiscus
10.51994164046191,9.992629779098426,11.243238682256395,10.5088139375362,Hibiscus
10.934261136193708,10.36104821484931,10.02317307778841,10.7255504796066,Hibiscus
11.313328498028477,11.112726133740335,10.589327068353036,11.10711549737105,Hibiscus
10.722662937778015,10.615644744171346,11.261113682491192,11.825056924685938,Hibiscus
10.546198961996131,10.934062259976765,9.517111606769031,10.67910676316149,Hibiscus
11.31379034768955,11.83379721976219,11.738000865046896,10.501573661258478,Hibiscus
10.137382426456503,12.176833287640614,11.443570368212958,11.4339713428107,Hibiscus
11.438490378450036,10.53511765259311,11.623764969340996,10.282426754278598,Hibiscus
11.160799712989583,10.87938803707319,11.392666201368725,11.549380974515934,Hibiscus
10.720175763771506,10.887565900608337,11.495155567317338,11.091785926536275,Hibiscus
11.706805374307365,11.018045968749155,11.107359363923011,11.373812056470955,Hibiscus
11.778893775183032,11.92065217087581,10.68671053086274,11.025956744019167,Hibiscus
11.681427042050107,11.726165784781843,11.04667394344528,10.968948660322042,Hibiscus
10.788272801219343,11.222091758829995,10.999401027857028,10.883837835736,Hibiscus
10.792521594219657,11.41379221315107,11.550369544206717,10.60933920800802,Hibiscus
11.279941782057078,10.512856110879666,11.832023090141313,10.404217464354275,Hibiscus
10.531571933827657,10.64400612492784,11.497833640330528,11.08210621297855,Hibiscus
11.546423688872936,10.951027151888907,10.434684798205087,11.712627633613277,Hibiscus
11.155022415359257,11.260743338981232,11.288807742524916,10.465200671329693,Hibiscus
10.568456754592177,11.478660351647738,11.391150963652148,10.98815888641675,Hibiscus
11.159277196459374,11.406798510917062,10.979489575179318,11.570389098822181,Hibiscus
10.601637636076472,10.790129353729412,10.926368795057849,11.225793878580467,Hibiscus
11.187947132180234,10.931945602041951,11.012554023053212,10.249317466442834,Hibiscus
11.293326607678493,11.326777895623207,10.895962323770918,11.044856003977968,Hibiscus
11.314728228938048,11.185504270140733,10.807446481038765,11.026628671159052,Hibiscus
10.821013329839312,11.295032622226644,11.676081334561696,10.510001879102047,Hibiscus
10.889467665736765,11.058243965006016,11.498501235362426,10.660151454596662,Hibiscus
10.884746468604474,10.583188481517055,10.20887861528917,10.535885346847314,Hibiscus
